area_level1_name,area_level2_name,operator_name,sample_origin_4g_ios,sample_count_4g_ios,device_count_4g_ios,avg_dl_4g_ios,sample_origin_4g_ad,sample_count_4g_ad,device_count_4g_ad,avg_dl_4g_ad,sample_origin_ip12_5g,sample_count_ip12_5g,device_count_ip12_5g,avg_dl_ip12_5g,sample_origin_ip12_fb,sample_count_ip12_fb,device_count_ip12_fb,avg_dl_ip12_fb,sample_origin_ip12_lk,sample_count_ip12_lk,device_count_ip12_lk,avg_dl_ip12_lk,sample_origin_ad_5g,sample_count_ad_5g,device_count_ad_5g,avg_dl_ad_5g,sample_origin_ad_fb,sample_count_ad_fb,device_count_ad_fb,avg_dl_ad_fb,sample_origin_ad_lk,sample_count_ad_lk,device_count_ad_lk,avg_dl_ad_lk
Northern Ostrobothnia,Oulunkaari,Elisa,79,59,46,22.6,362,227,136,32.3,0,0,0,0,1,1,1,13.6,6,6,5,39.6,7,7,4,161.7,85,55,27,45.8,17,14,8,22.1
Uusimaa,Loviisa,Elisa,63,49,33,26.8,198,139,77,37,0,0,0,0,13,6,4,71.3,9,8,7,48,19,9,6,118.8,33,26,12,50.8,19,19,5,45.2
Tavastia Proper,Hämeenlinna,Elisa,927,635,316,51.6,2378,1504,681,46.2,123,90,45,184,56,41,20,84.2,100,66,34,75.6,404,216,97,229.6,309,211,93,55.8,151,120,67,49.3
Northern Ostrobothnia,Nivala-Haapajärvi,Telia,40,37,26,67.4,247,179,102,60.9,0,0,0,0,1,1,1,52.8,6,5,3,116.2,5,5,4,142.2,6,5,4,49.3,32,25,11,92.3
Kymenlaakso,Kouvola,Telia,513,373,181,43.1,1509,977,422,38.3,25,17,6,196.9,4,4,4,39.8,57,39,20,63.9,88,54,19,230,90,70,24,59.8,61,48,38,37.7
Kainuu,Kehys-Kainuu,DNA,91,66,36,36.8,152,93,58,43.5,0,0,0,0,9,8,5,67.2,28,22,6,87.8,9,3,2,225.7,20,5,3,81.7,16,11,10,47
Ostrobothnia,South Eastern Bothnia,Telia,76,60,32,38.7,250,192,81,41.3,0,0,0,0,0,0,0,0,72,47,12,54.5,0,0,0,0,4,4,2,32.7,39,28,7,52.2
Southern Ostrobothnia,Kuusiokunnat,Elisa,168,120,60,43.9,629,387,172,46.4,0,0,0,0,45,19,9,49.5,38,15,7,88.7,19,15,11,229,70,46,15,62.4,18,14,10,57.5
Lapland,Tornio Valley,Telia,34,28,15,46.4,62,51,20,66.8,0,0,0,0,0,0,0,0,4,3,2,22,0,0,0,0,0,0,0,0,1,1,1,23.7
Southern Savonia,Varkaus,Elisa,3,3,3,11.7,23,16,6,29.4,0,0,0,0,0,0,0,0,0,0,0,0,0,0,0,0,11,5,2,12.1,1,1,1,9.7
Kymenlaakso,Kotka-Hamina,DNA,724,535,211,58.8,1774,1094,450,52.3,0,0,0,0,25,11,5,71.1,104,76,29,82.8,8,7,7,255.6,73,43,14,84,258,186,61,54.8
Pirkanmaa,Tampere,ALCOM,0,0,0,0,0,0,0,0,0,0,0,0,0,0,0,0,0,0,0,0,0,0,0,0,0,0,0,0,0,0,0,0
Central Finland,Saarijärvi,Telia,179,105,42,23.9,404,268,115,34,0,0,0,0,0,0,0,0,3,3,3,35.3,3,3,2,160.8,14,8,3,55.8,22,15,10,30.9
Central Finland,Jyväskylä,DNA,857,406,216,64.2,1651,1114,564,49.5,42,35,18,342.9,44,34,15,86.6,87,55,28,71.7,64,51,38,344.1,171,114,45,69.3,161,129,67,59.7
Southern Ostrobothnia,Northern Seinänaapuri,DNA,366,220,106,62.4,732,513,258,59.5,15,13,9,287.2,34,26,4,125.1,61,44,11,175.1,55,41,19,323.9,50,38,20,77.2,50,43,23,73.5
Satakunta,Rauma,Telia,184,132,80,44.5,310,248,117,39.1,0,0,0,0,0,0,0,0,32,27,16,55.1,0,0,0,0,12,10,3,61,31,26,14,49.2
Finland Proper,Loimaa,Elisa,252,171,99,35.7,705,465,238,41.9,0,0,0,0,18,8,5,52.2,15,13,8,87.2,27,15,8,195.3,68,55,21,59.3,51,37,23,43.4
North Karelia,Middle Karelia,Telia,163,57,24,31.7,199,133,60,38.8,0,0,0,0,0,0,0,0,13,10,4,41.9,0,0,0,0,4,4,4,70.5,15,9,7,44.3
Central Finland,Saarijärvi,Elisa,110,60,29,41.7,298,215,86,50.1,0,0,0,0,1,1,1,8.8,4,4,1,36,24,15,3,201.8,64,51,13,81,12,8,5,30.1
Lapland,Tornio Valley,Elisa,6,6,5,22.1,9,8,7,31.7,0,0,0,0,1,1,1,5.9,0,0,0,0,0,0,0,0,2,2,2,12.5,0,0,0,0
Finnmark,Karasjok,Telenor,0,0,0,0,0,0,0,0,0,0,0,0,0,0,0,0,1,1,1,20.2,0,0,0,0,0,0,0,0,0,0,0,0
Lapland,Rovaniemi,Elisa,299,219,105,59.7,575,358,201,51.5,98,68,29,232.4,10,8,6,92.8,16,15,11,65.2,232,144,48,242.1,112,91,38,62.1,32,24,17,53.7
Southern Ostrobothnia,Northern Seinänaapuri,Telia,519,360,173,58.5,1221,758,346,48.4,66,42,14,336.7,12,6,5,71.4,54,44,25,88.6,236,93,36,304.1,304,125,29,61.6,79,63,34,45.9
Southern Ostrobothnia,Kuusiokunnat,Telia,106,83,41,44.8,369,247,122,43.6,0,0,0,0,4,3,3,34.5,15,12,7,41,0,0,0,0,18,15,7,77.6,67,29,13,52.9
Northern Ostrobothnia,Oulu,Elisa,881,682,368,54.6,3210,2044,986,50.3,321,215,73,222.4,25,18,15,85.9,150,117,46,61.4,1160,569,201,270.3,572,378,127,66,204,149,90,52.9
South Karelia,Lappeenranta,Telia,472,353,188,49.6,1628,1004,410,50,0,0,0,0,11,11,5,116.9,101,75,30,87.7,25,19,13,189.2,92,54,15,81.2,66,51,27,59.8
Tavastia Proper,Hämeenlinna,Telia,714,491,269,50.8,1777,1140,490,46.2,85,56,22,384.6,51,39,20,70.6,91,75,40,66.7,834,180,43,301.2,406,194,45,56.2,130,84,51,45.6
North Savonia,North Eastern Savonia,DNA,83,73,37,46.7,268,176,108,44.8,0,0,0,0,15,12,7,120.3,13,10,7,71.4,5,3,3,252.2,15,9,6,86.2,29,22,9,73.8
Southern Ostrobothnia,South Eastern Bothnia,Elisa,118,86,42,56.9,559,377,141,34.6,0,0,0,0,3,3,2,45,21,17,7,90.7,3,3,2,198.5,39,34,14,55.4,29,19,13,56.1
Norrbotten,Övertorneå,Tele2,0,0,0,0,0,0,0,0,0,0,0,0,0,0,0,0,0,0,0,0,0,0,0,0,0,0,0,0,1,1,1,38.7
Central Ostrobothnia,Kokkola,Elisa,296,211,106,50,762,536,258,48.5,92,59,23,232.1,52,31,11,98.5,34,29,13,65.8,246,165,67,244.8,201,136,44,66.6,62,44,22,39
Central Ostrobothnia,Kaustinen,Telia,44,30,18,41.6,188,127,60,42.6,0,0,0,0,0,0,0,0,5,4,1,71.7,1,1,1,239.1,7,6,4,40.3,5,4,3,51
Uusimaa,Loviisa,Telia,78,67,44,36.8,406,207,90,37.9,1,1,1,506.1,12,12,2,62,18,14,5,75.8,0,0,0,0,9,6,4,47.2,20,10,7,40.5
Republic of Karelia,Lakhdenpokhsky District,MTS,0,0,0,0,1,1,1,9.5,0,0,0,0,0,0,0,0,0,0,0,0,0,0,0,0,0,0,0,0,0,0,0,0
Finland Proper,Turku,Elisa,3484,2564,1423,52.8,8233,5570,2641,49.9,782,492,172,213.8,199,148,53,82.4,466,345,201,66.8,962,663,321,228.1,1055,678,278,57.8,342,242,174,50.9
Uusimaa,Helsinki,NTN,0,0,0,0,10,2,1,38.6,0,0,0,0,0,0,0,0,0,0,0,0,0,0,0,0,0,0,0,0,0,0,0,0
Satakunta,Northern Satakunta,DNA,114,93,46,56.4,316,238,115,37.9,0,0,0,0,34,24,5,84.4,9,6,4,55.4,4,3,3,267.3,28,22,7,54,23,11,8,48.2
Norrbotten,Haparanda,Tele2,0,0,0,0,0,0,0,0,0,0,0,0,0,0,0,0,0,0,0,0,0,0,0,0,0,0,0,0,0,0,0,0
Norrbotten,Pajala,Telia,0,0,0,0,0,0,0,0,0,0,0,0,0,0,0,0,0,0,0,0,0,0,0,0,0,0,0,0,0,0,0,0
Pirkanmaa,South Eastern Pirkanm,Elisa,84,58,34,42.7,199,148,86,40.4,0,0,0,0,5,5,3,53.5,9,6,6,37.3,1,1,1,160.1,36,29,17,49.7,16,10,7,43.7
Satakunta,Pori,DNA,868,598,275,56.3,2521,1671,684,59.1,67,56,22,346.8,50,44,20,85.2,121,99,30,110.9,143,99,47,370.2,244,173,51,90.6,306,226,66,69.9
Satakunta,Northern Satakunta,Telia,66,53,38,46.4,187,141,81,43.3,0,0,0,0,1,1,1,40.2,3,1,1,15.4,4,3,3,234.2,11,10,4,46.8,24,19,10,39.2
Lapland,Tunturi Lapland,DNA,216,177,139,64.7,314,255,183,64.6,0,0,0,0,34,21,15,119.1,34,19,7,129.7,5,5,5,248.1,19,17,12,88.8,17,14,12,80.5
Satakunta,Pori,Elisa,522,377,210,51.6,1847,1187,571,48.6,96,68,30,156.4,35,25,12,75.4,51,38,29,73.5,189,108,67,257.7,180,135,52,58.6,87,64,42,45.4
Ostrobothnia,Kyrönmaa,Telia,106,85,50,29.3,333,212,97,31.9,0,0,0,0,0,0,0,0,4,3,1,48.9,5,5,2,156.6,13,9,5,71.9,18,15,6,43.4
Pirkanmaa,South Western Pirkanm,Elisa,143,106,68,59.8,346,257,153,48.1,0,0,0,0,3,3,3,114,17,14,6,43.1,51,34,15,231.9,32,29,20,55,24,19,13,69.7
Republic of Karelia,Gorod Sortavala,Beeline,1,1,1,53.1,0,0,0,0,0,0,0,0,0,0,0,0,0,0,0,0,0,0,0,0,0,0,0,0,0,0,0,0
Pirkanmaa,South Eastern Pirkanm,Telia,94,71,31,29.9,147,111,54,56,0,0,0,0,3,1,1,116.5,6,6,3,52.2,12,10,2,317.7,4,2,2,31.2,10,9,7,46.6
North Savonia,North Eastern Savonia,Telia,111,76,46,62.6,302,199,104,49.6,0,0,0,0,3,3,3,91.4,37,11,6,36.9,5,5,3,182.5,10,6,5,75.8,21,11,7,37.6
Pirkanmaa,North Western Pirkanm,DNA,78,64,39,23,377,242,100,26.7,0,0,0,0,7,3,2,13.4,0,0,0,0,0,0,0,0,14,7,5,20.9,31,18,8,20.5
Kymenlaakso,Kouvola,Elisa,943,690,362,45.6,3460,2179,911,42.6,183,82,35,217.7,28,19,14,83.1,86,72,39,61,981,415,118,214.5,462,301,108,55.4,102,76,45,44.5
Uusimaa,Ekenäs,Telia,350,238,148,45.5,532,384,197,33,0,0,0,0,15,14,8,65,65,45,20,72.6,9,8,7,147.2,38,30,15,62.9,42,31,20,58.2
Uusimaa,Porvoo,Telia,989,750,354,46,1711,1160,543,43.4,180,89,36,264.3,124,84,29,76.1,128,101,48,61.7,257,101,48,271.8,277,139,50,67.5,150,111,47,37.2
North Karelia,Pielisen Karelia,DNA,73,53,24,38.6,240,172,84,53.2,0,0,0,0,2,1,1,98.7,7,7,6,57.8,13,6,3,229.6,43,12,4,82.2,25,21,7,56.9
South Karelia,Imatra,ALCOM,0,0,0,0,0,0,0,0,0,0,0,0,0,0,0,0,0,0,0,0,0,0,0,0,0,0,0,0,0,0,0,0
Ostrobothnia,Jakobstadsregionen,Telia,156,109,59,44,559,341,156,40.1,0,0,0,0,19,8,3,99.3,30,26,16,63.7,12,12,8,160.7,37,17,10,60.3,44,32,15,48.9
Pirkanmaa,South Eastern Pirkanm,DNA,49,40,28,21.8,135,90,46,36.3,0,0,0,0,6,4,3,7.5,7,6,2,15.2,1,1,1,691.6,2,1,1,33.4,18,13,8,8.6
North Savonia,Kuopio,Elisa,599,425,233,49.6,1934,1271,642,43.7,154,98,34,170.4,8,6,3,30.4,81,62,38,75.2,507,296,102,229,335,237,93,56.9,151,118,50,43.1
Kainuu,Kajaani,Elisa,294,219,132,45.7,949,614,295,42.2,170,76,13,228.7,12,11,6,85.1,29,26,14,51.8,362,167,80,341.8,240,140,60,61.5,72,61,35,48.1
Central Finland,Jyväskylä,Elisa,1630,1093,483,66.1,3755,2517,1219,54.4,474,306,76,241.6,69,41,19,89.7,203,134,58,78,4026,671,234,252.7,713,485,167,67.2,182,148,87,56
Finland Proper,Turku,Telia,3523,2579,1483,49.9,6833,4340,2289,49.9,1052,374,122,348.8,270,196,68,68.5,500,373,209,71.3,764,485,184,270.7,956,502,162,61.8,531,376,201,54.2
Finnmark,Tana,Telia,2,2,2,71.2,0,0,0,0,0,0,0,0,0,0,0,0,1,1,1,4.4,0,0,0,0,0,0,0,0,0,0,0,0
Central Ostrobothnia,Kaustinen,Elisa,34,28,22,61.4,301,178,77,42.6,0,0,0,0,7,6,3,98,12,9,4,27.2,8,6,4,144.3,36,19,10,65.5,8,6,4,26.2
Kainuu,Kajaani,Telia,284,210,127,55.3,910,593,260,57.2,0,0,0,0,10,9,5,120.6,82,47,17,85,18,16,10,156,74,53,23,88.3,64,51,40,63.7
North Savonia,Kuopio,Telia,550,431,266,47.5,1413,1012,563,50.9,134,80,36,241,34,23,14,69.9,65,46,29,76,99,54,37,225.8,190,101,41,54.5,84,69,49,48.8
Pirkanmaa,North Western Pirkanm,Elisa,228,162,67,41.9,517,368,183,37,0,0,0,0,14,12,6,54.4,14,12,7,58.7,24,15,9,176.4,92,60,21,68,25,21,13,36.5
Päijänne Tavastia,Heinola,Telia,95,74,53,39.4,241,173,96,33.5,0,0,0,0,4,4,3,57,15,11,8,65.1,0,0,0,0,46,24,6,29.4,14,13,11,39.5
Tavastia Proper,Forssa,Elisa,260,186,93,43.1,984,618,245,47.9,0,0,0,0,7,4,4,125.6,148,77,15,60.6,30,26,18,184.1,195,114,31,74,69,55,29,45.4
Uusimaa,Lohja,DNA,519,377,190,39.4,1249,848,391,43.3,0,0,0,0,52,31,14,37.6,44,42,20,65,4,4,3,231.4,93,59,19,48.9,234,121,49,55.8
North Karelia,Middle Karelia,DNA,19,15,13,50.5,299,203,68,39.1,0,0,0,0,1,1,1,67,14,8,2,47.8,5,4,1,239.6,15,12,4,103.8,20,6,3,47.7
Uusimaa,Porvoo,Elisa,768,562,294,44.5,1739,1077,509,34.8,135,90,42,157.8,27,22,10,43.4,52,45,31,46.1,261,131,81,209,504,232,97,47.6,115,90,59,39.9
Norrbotten,Pajala,Telenor,39,23,1,33.6,0,0,0,0,0,0,0,0,0,0,0,0,0,0,0,0,0,0,0,0,0,0,0,0,0,0,0,0
Republic of Karelia,Suoyarvsky District,MegaFon,0,0,0,0,2,1,1,29.1,0,0,0,0,0,0,0,0,0,0,0,0,0,0,0,0,0,0,0,0,0,0,0,0
Kymenlaakso,Kouvola,DNA,436,319,165,58.8,1378,940,383,47.3,9,9,6,401.8,22,17,6,77.7,38,29,15,61.8,38,30,13,270.2,119,74,24,63.7,208,147,40,42.1
Ostrobothnia,South Eastern Bothnia,ALCOM,0,0,0,0,3,3,1,4,0,0,0,0,0,0,0,0,0,0,0,0,0,0,0,0,0,0,0,0,0,0,0,0
Central Finland,Äänekoski,Elisa,164,113,49,67,858,504,202,54.5,7,6,3,278.6,1,1,1,49.1,20,18,9,55.8,187,84,24,245,190,89,23,74.8,33,22,13,49.6
Lapland,Rovaniemi,ALCOM,0,0,0,0,0,0,0,0,0,0,0,0,0,0,0,0,0,0,0,0,0,0,0,0,0,0,0,0,0,0,0,0
Lapland,Northern Lapland,DNA,109,64,46,47.2,148,121,83,57.3,0,0,0,0,11,10,5,94.3,10,8,4,94.5,12,8,5,224.7,6,5,4,100.4,18,14,12,61.5
Tavastia Proper,Riihimäki,Telia,270,179,105,38.3,592,465,203,43.1,0,0,0,0,1,1,1,42,38,28,13,41,24,3,2,172.8,43,29,15,34,61,45,24,41.7
Satakunta,Northern Satakunta,Elisa,90,77,50,65.8,276,191,109,48.7,0,0,0,0,7,6,4,93.9,6,6,3,110.7,15,13,8,173,14,12,9,89.1,15,12,10,26.2
Finnmark,Tana,Telenor,0,0,0,0,1,1,1,0,0,0,0,0,0,0,0,0,0,0,0,0,0,0,0,0,0,0,0,0,0,0,0,0
Lapland,Eastern Lapland,DNA,183,95,50,37.1,186,120,83,45,0,0,0,0,1,1,1,37.4,14,13,5,57.5,3,2,1,149.1,17,14,9,80.6,14,12,7,35.1
Pirkanmaa,Southern Pirkanmaa,Telia,327,244,125,62.2,784,575,257,54.4,10,7,7,215.6,20,15,6,87.4,60,42,21,52.1,104,69,25,245.3,128,87,23,60.9,56,45,28,54.4
Norrbotten,Haparanda,Telia,0,0,0,0,0,0,0,0,0,0,0,0,0,0,0,0,0,0,0,0,0,0,0,0,0,0,0,0,0,0,0,0
Finnmark,Kautokeino,Telenor,0,0,0,0,0,0,0,0,0,0,0,0,0,0,0,0,0,0,0,0,0,0,0,0,0,0,0,0,0,0,0,0
Ostrobothnia,Vaasa,ALCOM,0,0,0,0,6,5,1,14.5,0,0,0,0,0,0,0,0,0,0,0,0,0,0,0,0,0,0,0,0,0,0,0,0
Northern Ostrobothnia,Raahe,Elisa,112,95,54,42.7,670,427,218,42.8,51,31,6,147.8,9,5,1,64.8,9,8,5,42,70,54,22,174,53,41,20,41,74,35,14,60.2
Southern Ostrobothnia,Kuusiokunnat,DNA,34,29,19,26.9,133,85,56,35.5,0,0,0,0,1,1,1,4.2,17,14,5,60.3,0,0,0,0,12,10,4,46.9,23,13,7,66.1
Finland Proper,Turku,ALCOM,1,1,1,57.8,1,1,1,68.2,0,0,0,0,0,0,0,0,0,0,0,0,0,0,0,0,0,0,0,0,0,0,0,0
Tavastia Proper,Lahti,DNA,9,7,6,22,49,35,18,27.3,1,1,1,229.5,0,0,0,0,0,0,0,0,14,6,4,208.5,7,6,3,21.5,1,1,1,47.9
Finland Proper,Vakka-Suomi,Telia,186,144,79,44.5,514,355,164,41.3,0,0,0,0,2,2,2,116.9,37,27,11,54.3,19,17,6,175.4,20,19,9,68.4,53,31,13,42.7
Norrbotten,Övertorneå,N4M,0,0,0,0,0,0,0,0,0,0,0,0,0,0,0,0,0,0,0,0,0,0,0,0,0,0,0,0,0,0,0,0
Central Finland,Viitasaari,Telia,61,35,21,62.8,219,126,67,61.1,0,0,0,0,0,0,0,0,12,7,4,83.6,15,13,5,180,20,17,8,77.6,5,5,4,69.9
Päijänne Tavastia,Heinola,Elisa,100,86,59,58,461,307,155,51.9,11,9,9,272.1,3,3,3,67.5,17,15,11,63.1,94,57,27,278.7,52,39,20,54.4,11,11,11,31.5
Northern Ostrobothnia,Ylivieska,Elisa,179,117,67,42.5,914,588,241,42.2,3,2,2,42.2,22,15,7,118.8,24,20,8,77.1,33,19,10,191.9,66,41,14,45.4,67,45,23,41.3
Troms,Storfjord,Telenor,3,2,2,145.7,1,1,1,7.2,0,0,0,0,0,0,0,0,0,0,0,0,0,0,0,0,0,0,0,0,0,0,0,0
Central Finland,Jämsä,Telia,248,194,112,69.2,639,476,221,53.1,12,11,7,336.4,15,13,9,53.7,43,28,14,80.8,220,57,18,287.5,84,42,21,55.6,60,39,19,55.2
North Savonia,Kuopio,DNA,570,449,255,51.7,2139,1496,609,56.2,55,45,15,459.6,20,17,10,108.1,111,80,41,78.8,96,64,38,398.7,124,96,40,78.1,256,173,94,64.7
South Karelia,Imatra,Elisa,310,192,82,37.1,902,609,250,40,0,0,0,0,10,8,4,63.8,25,15,10,50.5,44,32,14,200.2,96,76,26,72.6,78,60,32,37.7
Ostrobothnia,Jakobstadsregionen,Elisa,228,134,67,52.4,795,494,212,47.5,12,9,7,176.8,6,4,3,100.8,28,22,9,69.5,136,66,19,216.8,101,74,23,61.6,41,28,16,42
Southern Ostrobothnia,South Eastern Bothnia,Telia,166,90,42,39.4,518,284,106,37.8,0,0,0,0,2,2,2,27.4,5,5,3,72.6,7,6,4,155.3,34,20,6,64.8,34,19,8,28.3
North Savonia,Upper Savonia,Elisa,306,176,80,43,1044,665,287,38.3,8,6,6,175.8,1,1,1,22.3,7,7,5,49.4,105,67,27,217.8,181,121,42,62.4,86,47,24,37.7
Northern Ostrobothnia,Raahe,Telia,158,132,56,44.7,560,405,191,44.4,0,0,0,0,1,1,1,8.2,36,21,11,42.8,7,6,5,163.6,34,31,9,81.5,22,19,10,40.8
Southern Ostrobothnia,Southern Seinänaapuri,Telia,93,71,45,38.7,371,233,80,50.4,0,0,0,0,0,0,0,0,19,15,8,81.7,1,1,1,140.6,44,14,4,55.2,15,13,9,45.3
Uusimaa,Lohja,Telia,537,377,209,44.8,1570,977,377,42.7,3,3,2,136.6,18,14,11,30.1,60,48,28,63.3,20,16,9,192.9,80,64,20,49.5,168,110,45,39.9
Central Finland,South Eastern Middle,Telia,103,71,35,62.4,141,111,70,39.7,0,0,0,0,3,3,2,128.7,17,10,7,22,1,1,1,187.7,11,7,3,103.1,6,6,5,80.5
Northern Ostrobothnia,Oulu,DNA,1170,913,499,63.7,3824,2595,1212,58.3,336,81,34,401.3,90,62,21,120.4,169,136,65,111.1,629,207,99,397.8,485,289,89,87,507,302,151,57.5
Pirkanmaa,Upper Pirkanmaa,Elisa,206,157,106,37.6,703,459,236,40.8,0,0,0,0,5,5,5,21.3,28,12,7,50.4,27,22,13,175,122,80,36,67.4,41,29,17,42
Southern Savonia,Juva,Elisa,128,89,44,29.2,356,207,98,38.6,0,0,0,0,11,10,5,39,11,10,9,22.9,7,6,3,130.4,47,34,16,43.9,43,23,9,63.2
North Karelia,Joensuu,Telia,634,434,186,52.8,1546,1004,431,55.3,0,0,0,0,5,4,3,36.8,94,86,38,111.7,23,20,14,187.1,102,68,25,98.6,83,69,43,60.1
Central Finland,Keuruu,DNA,26,17,12,52,119,78,43,25.3,0,0,0,0,0,0,0,0,3,3,2,38.4,5,4,1,373.2,3,3,2,120.1,12,6,4,33.2
Northern Ostrobothnia,Koillismaa,Telia,319,226,160,57.9,487,366,226,53.1,0,0,0,0,29,23,12,81,53,37,23,77.9,15,13,9,214.6,60,40,15,76,26,23,18,55.4
Tavastia Proper,Riihimäki,Elisa,379,277,164,57.6,1760,1016,421,43.9,75,52,24,257.5,34,28,18,119.4,76,50,23,74.8,1040,160,61,284.5,393,267,73,62.2,100,71,36,39.2
Lapland,Northern Lapland,Telia,144,107,73,54.8,316,220,133,61.1,0,0,0,0,5,4,4,17.2,22,19,13,65.4,14,12,8,191.9,25,17,11,82,18,15,13,72.9
Republic of Karelia,Gorod Sortavala,MTS,10,9,7,26.5,2,2,2,16.6,0,0,0,0,0,0,0,0,0,0,0,0,0,0,0,0,0,0,0,0,0,0,0,0
Central Finland,Äänekoski,Telia,217,156,74,49.1,529,373,165,38,0,0,0,0,6,4,3,44.3,1,1,1,26.6,8,8,4,167.7,59,47,12,63.4,37,32,16,45.6
Pirkanmaa,Jämsä,Telia,28,19,10,35.4,55,40,16,34.3,0,0,0,0,0,0,0,0,1,1,1,12.9,0,0,0,0,12,9,2,86.3,3,3,2,13.4
Uusimaa,Loviisa,DNA,103,76,42,33.7,205,143,78,32.3,0,0,0,0,6,6,1,97.8,3,2,2,78.4,2,2,2,235.8,12,9,7,37.1,56,36,11,36.7
Ostrobothnia,Kyrönmaa,DNA,61,35,19,68.8,216,155,66,50.8,0,0,0,0,0,0,0,0,22,8,2,18.4,65,47,7,228.8,57,34,6,35.7,8,7,5,71.7
Pirkanmaa,Tampere,Elisa,4874,3631,2015,57.5,11889,7948,4034,53.5,13423,823,285,245.9,258,170,87,91.5,787,478,239,78,75330,2025,734,361.8,3027,1322,557,59.7,614,446,281,45
Southern Savonia,Savonlinna,Telia,93,73,49,63.2,344,237,113,45,0,0,0,0,0,0,0,0,14,13,9,77,13,6,2,157.2,42,20,11,71.1,16,9,8,73.9
Southern Ostrobothnia,Järviseutu,DNA,50,35,19,38.2,237,154,53,47.7,0,0,0,0,1,1,1,12.2,1,1,1,6,10,9,5,424.8,29,15,2,31,45,31,9,73.7
Southern Ostrobothnia,Southern Seinänaapuri,Elisa,104,87,59,49.9,771,431,148,42.5,5,4,4,269.6,1,1,1,18.9,8,6,4,3.9,151,25,11,257.6,142,47,20,75.2,23,16,10,59.1
Ostrobothnia,Jakobstadsregionen,ALCOM,0,0,0,0,0,0,0,0,0,0,0,0,0,0,0,0,0,0,0,0,0,0,0,0,0,0,0,0,0,0,0,0
Lapland,Kemi-Tornio,Telia,344,233,120,49.8,1398,783,305,53.6,0,0,0,0,4,4,3,28.1,94,63,20,139.6,62,36,25,188.7,150,85,29,83.8,78,51,29,63.4
Lapland,Kemi-Tornio,Elisa,139,94,57,42.3,342,220,137,45.5,44,18,9,185.2,5,4,3,112.2,19,16,10,41.4,838,115,38,238,184,80,27,58.3,32,24,13,46.6
Central Finland,Jämsä,Elisa,302,226,112,49.4,519,342,212,39.4,21,19,13,272.8,6,6,6,86.8,33,20,13,46.4,87,47,31,307.5,92,63,31,69.1,51,37,13,34.3
Southern Ostrobothnia,Järviseutu,Telia,42,32,25,56.3,258,149,72,42.3,0,0,0,0,0,0,0,0,12,7,4,37.7,3,2,2,143.7,13,9,3,77.7,15,11,4,62.5
Southern Savonia,Savonlinna,DNA,134,107,61,55.3,761,506,224,53,0,0,0,0,3,3,3,70.1,12,12,7,63.2,3,2,2,156.2,24,18,7,49.9,31,28,23,68
Southern Ostrobothnia,Härmänmaa,Telia,117,96,54,38.7,354,249,108,45.4,0,0,0,0,2,2,1,56.6,8,7,3,76.8,4,3,3,355.4,7,7,4,76.9,22,18,8,40.2
Central Finland,Viitasaari,Elisa,20,16,12,47.4,153,114,57,40.6,0,0,0,0,2,2,2,49.3,6,6,3,81.4,17,13,8,177.3,27,22,13,55.1,12,12,8,40.6
South Karelia,Lappeenranta,Elisa,560,407,230,53.5,2251,1309,543,56.4,3,3,2,151.3,14,11,5,162.1,101,79,35,71.3,63,56,30,183.7,123,81,39,67.4,171,113,54,51.7
Satakunta,Rauma,ALCOM,0,0,0,0,0,0,0,0,0,0,0,0,0,0,0,0,0,0,0,0,0,0,0,0,0,0,0,0,0,0,0,0
North Savonia,Varkaus,Elisa,272,175,73,50.4,894,549,243,41.6,14,8,4,111.6,18,14,5,112.8,27,21,8,82.5,77,45,21,209.7,117,91,36,59.7,51,41,29,49.1
Northern Ostrobothnia,Oulu,Telia,1766,1327,747,52.4,4697,3178,1685,49.2,386,184,77,299.7,124,91,43,71,511,267,116,64.8,502,225,106,252.2,484,323,114,65.3,428,296,147,56.7
Tavastia Proper,Hämeenlinna,DNA,421,319,172,60.9,1401,871,361,56.4,25,23,12,281.4,38,27,12,49.3,58,24,15,67.1,119,59,32,353.4,94,71,30,60.6,70,55,34,62.2
Pirkanmaa,Southern Pirkanmaa,DNA,262,184,78,41.6,518,349,154,47.1,17,10,2,330.8,49,28,9,56.8,79,26,8,162.1,55,35,9,325.6,57,40,17,38.9,87,58,19,80
Ostrobothnia,South Eastern Bothnia,DNA,26,21,13,17.2,88,43,32,18.2,0,0,0,0,1,1,1,13.1,1,1,1,31.3,0,0,0,0,1,1,1,84.7,10,5,4,21.5
Finnmark,Tana,ice.net,0,0,0,0,3,1,1,42.6,0,0,0,0,0,0,0,0,0,0,0,0,0,0,0,0,0,0,0,0,0,0,0,0
Northern Ostrobothnia,Siikalatva,Elisa,51,36,23,49.4,253,144,67,43.7,0,0,0,0,0,0,0,0,13,11,4,50.5,5,4,3,170.3,16,13,8,33.8,9,7,5,57.9
Pirkanmaa,Upper Pirkanmaa,Telia,168,138,85,53.7,563,431,199,48.4,1,1,1,130.3,4,4,4,42.1,34,20,9,93.2,52,26,12,183,109,74,21,62.7,45,28,16,52.2
Central Finland,Keuruu,Telia,83,71,36,26.9,217,149,61,35.8,0,0,0,0,0,0,0,0,7,5,5,30.5,1,1,1,233.4,53,25,2,85.3,20,19,6,45.2
Northern Ostrobothnia,Raahe,DNA,136,109,45,64.5,652,455,154,54.7,7,7,3,247.9,114,49,2,21,10,9,3,131.2,8,7,5,375.6,17,15,8,42.7,94,51,18,40.8
Pirkanmaa,Upper Pirkanmaa,DNA,155,100,53,42.4,464,319,131,46.7,0,0,0,0,2,2,2,16.5,8,6,3,49.4,16,11,3,261.9,39,29,13,41.7,46,36,16,60.6
Lapland,Tornio Valley,DNA,7,3,3,16.9,33,24,11,49.2,0,0,0,0,0,0,0,0,2,2,2,5.7,0,0,0,0,0,0,0,0,7,4,3,53.4
Lapland,Eastern Lapland,Elisa,167,128,77,42.1,266,170,114,38.7,0,0,0,0,12,7,6,53.7,10,8,8,27.1,5,5,5,177.3,50,38,15,44.3,6,4,4,65.9
Satakunta,South Eastern Satakun,DNA,101,76,48,58.3,237,197,91,70.1,1,1,1,324.7,3,3,3,127.6,11,10,7,77,4,3,2,328.3,17,14,9,56.9,7,7,4,61.2
Uusimaa,Lohja,Elisa,826,576,287,48.6,1685,1142,553,45.3,52,36,21,139.7,35,20,9,88.8,59,51,32,46.5,313,195,86,248.7,365,236,77,62.6,211,101,46,34.2
Southern Savonia,Pieksämäki,Elisa,550,145,46,40,328,226,103,40.9,30,20,4,263.7,2,2,1,5.4,15,12,10,55.9,30,18,13,181.2,108,77,18,45.5,42,27,13,45.8
Northern Ostrobothnia,Oulunkaari,DNA,83,58,46,48.9,291,217,137,50.5,12,8,2,525,9,7,4,89.9,5,4,4,54.9,59,14,7,438.1,65,24,11,66.6,37,28,16,53.7
Finland Proper,Salo,DNA,254,185,123,38.6,1146,772,323,39.5,6,6,5,319.2,23,22,11,55.2,30,27,16,61.3,46,35,13,293.4,69,49,16,68,131,75,30,39.4
Norrbotten,Pajala,N4M,0,0,0,0,0,0,0,0,0,0,0,0,0,0,0,0,0,0,0,0,0,0,0,0,0,0,0,0,0,0,0,0
South Karelia,Imatra,Telia,332,189,65,61,664,464,193,50.7,0,0,0,0,0,0,0,0,42,32,14,64.7,9,8,5,164.4,78,50,10,75,51,42,25,73.4
Republic of Karelia,Muyezersky District,MegaFon,0,0,0,0,0,0,0,0,0,0,0,0,0,0,0,0,0,0,0,0,0,0,0,0,0,0,0,0,0,0,0,0
Päijänne Tavastia,Heinola,DNA,126,109,72,50.4,558,323,163,56.1,70,38,4,305.5,13,11,3,123.4,20,13,11,115.6,55,31,16,229.9,52,44,16,80.2,159,80,23,110.3
Southern Savonia,Mikkeli,Elisa,386,289,167,46.5,1778,1206,529,52.2,46,23,10,248.7,30,22,14,88.3,61,47,26,84.2,212,127,57,190.3,222,163,67,55,99,65,40,45.8
Leningrad Oblast,Vyborgsky District,Beeline,1,1,1,67.1,5,5,2,15.3,0,0,0,0,0,0,0,0,0,0,0,0,0,0,0,0,0,0,0,0,0,0,0,0
Southern Savonia,Varkaus,DNA,11,6,3,37.1,6,5,5,43.1,0,0,0,0,0,0,0,0,0,0,0,0,0,0,0,0,0,0,0,0,0,0,0,0
Tavastia Proper,Lahti,Telia,6,5,4,21,17,14,7,18.7,0,0,0,0,0,0,0,0,0,0,0,0,0,0,0,0,0,0,0,0,7,5,3,33.2
Southern Ostrobothnia,Southern Seinänaapuri,DNA,85,61,24,49,283,187,85,54.4,3,2,2,83.5,2,2,2,14.1,1,1,1,20.5,87,37,10,234.1,169,48,4,44.5,15,13,4,74.1
Finland Proper,Salo,Elisa,434,282,151,46.1,1376,899,404,42.4,56,43,21,245.8,24,19,7,66.7,37,32,18,60.7,257,116,50,205.9,257,156,60,66.1,61,49,30,53.9
North Savonia,North Eastern Savonia,Elisa,104,79,63,61,336,224,123,36.5,13,11,7,272.8,1,1,1,3.9,42,25,6,48.8,39,33,19,259.3,60,39,17,53.4,20,19,13,40.1
Central Ostrobothnia,Kaustinen,DNA,60,31,14,41.2,178,115,41,39,0,0,0,0,0,0,0,0,3,2,2,55.8,0,0,0,0,9,7,3,15.1,7,6,5,14.2
Northern Ostrobothnia,Siikalatva,DNA,22,18,11,51.2,204,113,56,35.5,2,2,2,317.9,0,0,0,0,0,0,0,0,12,9,3,292.9,12,7,5,79.9,7,7,4,32
Uusimaa,Helsinki,DNA,15011,10623,5074,79.4,33536,20558,8773,67.6,3209,1774,648,339.9,1377,1005,365,122.3,2284,1503,599,122.2,4381,2236,894,372.5,3037,1905,656,81.3,2034,1467,718,76
Lapland,Rovaniemi,Telia,499,385,183,63.8,1159,788,378,64.1,0,0,0,0,29,21,2,241.4,141,102,43,91.8,26,19,15,201.8,53,41,22,96.2,116,79,43,60.6
South Karelia,Western Saimaa,DNA,56,42,32,47.3,167,112,71,47.1,0,0,0,0,2,2,1,109.5,1,1,1,37.6,13,11,3,183.3,39,14,5,83.7,12,10,9,81.3
Ostrobothnia,Vaasa,Elisa,646,499,275,55.7,2219,1440,633,52.4,109,59,25,223,31,20,5,80.8,161,110,49,92.6,370,233,83,225.3,277,207,78,67.4,177,97,58,59.9
Republic of Karelia,Gorod Sortavala,Tele2,0,0,0,0,0,0,0,0,0,0,0,0,0,0,0,0,0,0,0,0,0,0,0,0,0,0,0,0,2,2,2,81.5
Uusimaa,Helsinki,Telia,15764,11069,5929,52.4,24137,15658,7320,52.1,2179,1498,600,305.7,1385,884,357,77,2357,1690,910,71,5575,1944,712,298.5,3352,1874,606,63.5,1948,1304,689,51.9
Ostrobothnia,Kyrönmaa,Elisa,124,83,34,59,323,216,115,41.4,0,0,0,0,6,5,3,43.4,11,7,4,19.1,10,9,7,184.5,63,38,9,57.6,9,8,7,36.1
Northern Ostrobothnia,Nivala-Haapajärvi,DNA,38,32,21,37.7,247,186,108,37.4,4,2,2,177.3,8,1,1,53,4,3,3,84.1,8,7,3,354.8,32,20,7,80.1,10,9,7,51.9
Uusimaa,Porvoo,DNA,604,409,228,46.3,1314,910,394,39.9,32,22,19,158.9,40,24,12,73.1,73,57,29,68.4,24,19,18,269.3,88,64,35,54,112,90,43,36.5
South Karelia,Lappeenranta,DNA,362,253,119,65,1161,717,298,52.5,0,0,0,0,7,7,5,72.1,39,33,13,55.5,39,22,14,213.4,104,77,20,60.4,38,32,20,59.1
Satakunta,South Eastern Satakun,Telia,94,75,49,60.3,218,154,79,44.6,0,0,0,0,4,4,3,85.3,24,18,12,73.4,18,1,1,529.6,8,7,7,57.8,8,5,5,66.4
North Karelia,Ilomantsi,Elisa,21,14,8,50.9,57,48,26,37.6,0,0,0,0,1,1,1,9.8,1,1,1,6,1,1,1,188.8,4,4,2,61,5,3,2,19.8
North Karelia,Joensuu,Elisa,807,574,280,59.2,2492,1719,748,50.1,203,120,34,217.9,58,47,19,97,64,54,31,54.8,598,343,120,252.4,483,354,96,69.2,178,126,64,47.3
Southern Savonia,Juva,Telia,168,123,60,46.7,339,252,116,58.1,0,0,0,0,5,3,3,62.9,12,9,6,58.3,2,2,2,139.9,26,22,13,50.2,4,3,3,57
Central Finland,Saarijärvi,DNA,61,43,20,27.6,115,97,44,37.8,0,0,0,0,4,4,1,79,12,10,4,112.1,0,0,0,0,1,1,1,13.2,12,7,4,15.4
Northern Ostrobothnia,Nivala-Haapajärvi,Elisa,102,72,36,26.9,470,296,140,28.4,0,0,0,0,0,0,0,0,16,12,6,56.2,4,4,2,152.9,35,26,14,48.5,24,19,9,37.7
Pirkanmaa,Jämsä,DNA,5,4,4,12.6,22,10,7,32.5,0,0,0,0,0,0,0,0,0,0,0,0,15,8,1,286.6,12,3,1,86.1,2,2,2,35.6
Lapland,Tunturi Lapland,Telia,388,301,223,61,747,529,298,57.7,0,0,0,0,22,15,8,182.9,56,47,31,90.9,28,21,14,225,52,40,19,70.8,51,40,32,54.1
Southern Savonia,Pieksämäki,DNA,45,35,24,32.9,418,226,87,38,0,0,0,0,4,2,1,59.3,6,5,3,46.5,0,0,0,0,6,5,4,58.8,65,43,15,32.3
Tavastia Proper,Forssa,Telia,237,176,86,50,528,354,158,39.4,14,13,5,254.8,22,16,3,66.5,64,29,10,37.1,86,31,11,208.2,68,38,11,59.4,93,45,15,46.2
Tavastia Proper,Lahti,Elisa,12,11,6,24.2,35,27,14,12.2,0,0,0,0,0,0,0,0,0,0,0,0,0,0,0,0,0,0,0,0,2,2,2,7.2
Leningrad Oblast,Vyborgsky District,MegaFon,4,4,3,22.6,18,15,8,20.5,0,0,0,0,0,0,0,0,1,1,1,10,0,0,0,0,0,0,0,0,0,0,0,0
Southern Ostrobothnia,Härmänmaa,DNA,186,127,53,32,324,226,102,35.3,4,2,2,641.3,0,0,0,0,11,8,2,52.2,17,11,6,357.6,10,5,5,64.1,41,19,10,48.9
Southern Savonia,Pieksämäki,Telia,186,80,34,28.5,375,242,88,37,0,0,0,0,1,1,1,30.3,11,10,4,40.2,22,5,3,203.6,33,20,6,46.1,47,24,13,62.5
Southern Savonia,Savonlinna,Elisa,195,149,74,49,477,329,166,44.8,23,14,6,247.6,36,25,3,69.1,5,4,4,27,71,49,21,198.9,83,58,20,73.8,40,29,17,46.8
Uusimaa,Ekenäs,DNA,174,117,75,42.1,548,320,144,33.8,8,1,1,36.7,9,4,3,40.2,39,27,15,84.9,0,0,0,0,4,3,3,10.4,58,47,20,60
Republic of Karelia,Gorod Sortavala,MegaFon,5,3,3,3.2,7,7,6,12.4,0,0,0,0,0,0,0,0,1,1,1,7.1,0,0,0,0,0,0,0,0,1,1,1,29
Finland Proper,Åboland-Turunmaa,DNA,58,41,29,44,172,111,53,38.2,8,6,3,283.8,6,5,2,52,3,3,3,59.8,16,10,4,292.1,26,18,12,43.8,4,3,2,33.6
Finland Proper,Åboland-Turunmaa,Telia,196,151,76,45.4,349,242,142,39,0,0,0,0,3,3,3,63,23,17,15,66.6,6,5,4,164.1,17,11,6,62.8,45,31,9,61.4
Leningrad Oblast,Vyborgsky District,Tele2,8,8,4,19,54,32,14,24.9,0,0,0,0,0,0,0,0,0,0,0,0,0,0,0,0,0,0,0,0,4,3,1,4
South Karelia,Western Saimaa,Telia,93,68,48,50.9,249,176,93,49.1,0,0,0,0,1,1,1,9.5,5,4,3,46,0,0,0,0,9,6,4,82,16,13,5,48.6
Southern Ostrobothnia,Northern Seinänaapuri,Elisa,647,471,287,67.4,2071,1415,653,63.2,177,123,50,256.7,27,24,17,116.5,83,67,35,95.4,441,269,112,248.7,218,153,79,66.8,80,52,34,61.7
Pirkanmaa,Jämsä,Elisa,11,10,9,22.4,64,40,24,27.3,0,0,0,0,1,1,1,0.3,2,2,1,59.7,0,0,0,0,5,4,2,22.7,6,3,3,32.6
Central Finland,Viitasaari,DNA,27,22,14,15,137,94,46,30.5,0,0,0,0,0,0,0,0,1,1,1,22.3,3,2,2,217.3,3,3,3,20,38,30,5,64
Finland Proper,Vakka-Suomi,DNA,137,97,56,35.2,555,348,152,40.9,0,0,0,0,2,2,2,55.5,47,32,14,73.5,8,6,4,209.6,22,20,14,76.3,35,23,11,40.6
Pirkanmaa,South Western Pirkanm,Telia,52,42,31,46.6,298,175,93,46,0,0,0,0,2,2,2,47.6,13,9,5,28.2,9,4,4,276.5,9,9,6,67.7,3,3,3,65.2
Tavastia Proper,Riihimäki,DNA,205,155,71,74.3,578,408,202,39.9,10,9,3,97.8,8,8,4,98.6,22,16,5,55.5,8,6,6,342.4,57,37,18,36.1,50,31,12,34.5
Republic of Karelia,Loukhsky District,MegaFon,0,0,0,0,0,0,0,0,0,0,0,0,0,0,0,0,0,0,0,0,0,0,0,0,0,0,0,0,0,0,0,0
Ostrobothnia,Vaasa,DNA,272,200,109,65.9,1000,651,278,52,11,9,7,300,12,12,8,131,18,12,7,71.6,68,40,21,385.4,65,47,18,50.4,42,33,23,69.4
Finland Proper,Loimaa,Telia,201,154,84,48.6,652,362,153,40,0,0,0,0,9,4,3,134.8,39,29,15,41.4,1,1,1,219.9,25,18,6,35.6,47,31,14,29.8
Northern Ostrobothnia,Koillismaa,Elisa,259,193,143,43.8,514,321,198,35.8,56,38,22,224.8,5,5,5,77.5,26,24,18,56.9,52,46,31,212.4,31,22,17,44.8,49,32,13,30.8
Päijänne Tavastia,Lahti,ALCOM,0,0,0,0,0,0,0,0,0,0,0,0,0,0,0,0,0,0,0,0,0,0,0,0,0,0,0,0,0,0,0,0
Southern Savonia,Varkaus,Telia,12,5,3,18.5,41,22,8,16.2,0,0,0,0,1,1,1,68.2,0,0,0,0,0,0,0,0,0,0,0,0,16,10,2,14.7
Päijänne Tavastia,Lahti,DNA,1303,907,468,62.7,3613,2425,1010,58.9,169,131,45,285.1,152,114,36,123.2,172,127,59,116.7,791,357,120,376.9,498,325,104,64.9,337,259,114,70.7
Pirkanmaa,Tampere,DNA,1649,1219,665,80.6,4412,2828,1282,75.4,310,212,111,295.2,196,123,55,132.4,182,126,73,140.6,796,391,165,343.4,676,401,127,91.1,296,224,127,89.7
Ostrobothnia,Jakobstadsregionen,DNA,105,83,51,39.8,381,305,140,36.8,1,1,1,421.1,2,2,2,24.1,29,20,9,51.4,18,9,5,430.9,26,21,9,56.6,41,28,11,53.7
Finland Proper,Åboland-Turunmaa,Elisa,133,91,66,46.1,405,271,129,40.2,2,1,1,63.8,13,13,4,63.4,7,7,5,42.1,24,20,10,158.6,65,46,17,58.4,11,7,5,52.8
North Savonia,Upper Savonia,DNA,129,96,57,58.2,775,475,201,56.8,0,0,0,0,5,4,3,66.4,18,15,4,81.4,5,4,4,189.2,35,27,10,71.4,40,35,17,54
Kymenlaakso,Kotka-Hamina,Elisa,763,505,231,59.9,2036,1144,480,52.3,101,61,18,210,22,18,12,81.1,79,57,31,83.1,319,181,63,201.7,440,255,80,63.5,125,72,40,42.7
Southern Ostrobothnia,Härmänmaa,Elisa,250,180,76,48.6,778,492,217,47.5,10,4,2,264.6,34,29,6,57.2,34,24,5,73,33,23,16,218.3,119,59,24,72.7,47,43,15,42.7
Pirkanmaa,North Western Pirkanm,Telia,177,123,81,53.6,444,287,125,55.1,2,2,1,354.2,3,3,2,101.8,28,20,11,54.4,37,15,8,255.4,51,35,15,87.2,28,19,9,76.1
Southern Ostrobothnia,Järviseutu,Elisa,134,68,37,40.9,352,224,87,32.6,0,0,0,0,0,0,0,0,6,4,2,68.1,19,14,8,153.3,67,30,9,50.7,23,13,6,24.6
Southern Savonia,Mikkeli,Telia,409,298,161,39.3,1067,744,339,45.7,85,49,10,289.3,48,29,10,65.4,50,37,20,66.1,101,53,29,242.8,138,81,24,55.9,107,65,36,48.6
Central Finland,Jyväskylä,Telia,1325,1022,582,66.3,3027,2067,1094,58.8,222,150,60,347.1,89,56,33,89.7,224,148,74,83.4,454,237,111,286.8,336,237,97,74.3,229,172,83,56.6
Lapland,Tunturi Lapland,Elisa,342,283,209,51.8,550,406,295,53.1,86,69,50,163.3,14,10,8,45.6,45,32,24,58.9,147,90,64,258.6,81,65,46,56.4,44,30,22,52.8
Kymenlaakso,Kotka-Hamina,Telia,279,210,111,55.8,756,473,239,54.8,0,0,0,0,11,8,4,165,39,33,17,99.7,14,11,7,173.6,58,37,8,60.8,43,29,17,48.5
Finland Proper,Loimaa,DNA,230,161,75,43.6,617,384,155,56.4,17,9,5,300.5,22,15,7,62,23,14,9,53.9,42,18,10,318,33,28,15,86.3,69,58,19,33.6
Uusimaa,Ekenäs,Elisa,277,185,107,55.1,728,483,227,45.8,14,12,8,157.3,28,23,10,124.8,55,33,14,78.7,109,81,30,245.6,104,66,30,60.2,37,27,15,40.8
Leningrad Oblast,Vyborgsky District,MTS,2,2,2,43.7,31,25,16,28,0,0,0,0,0,0,0,0,0,0,0,0,0,0,0,0,0,0,0,0,7,4,1,77.5
Päijänne Tavastia,Lahti,Elisa,1654,1163,707,48.8,4302,2860,1594,42.2,239,159,80,151.4,44,35,25,52.9,209,154,92,67.9,649,366,182,212,741,504,181,54.8,317,216,113,37.9
Lapland,Northern Lapland,ALCOM,0,0,0,0,0,0,0,0,0,0,0,0,0,0,0,0,0,0,0,0,0,0,0,0,0,0,0,0,0,0,0,0
Northern Ostrobothnia,Siikalatva,Telia,41,36,21,53.1,127,108,62,46.3,0,0,0,0,1,1,1,16.8,17,15,4,50.3,1,1,1,177.4,4,4,4,36,4,3,3,45.8
Uusimaa,Helsinki,ALCOM,0,0,0,0,0,0,0,0,0,0,0,0,0,0,0,0,0,0,0,0,0,0,0,0,0,0,0,0,0,0,0,0
Tavastia Proper,Forssa,DNA,109,86,50,45,424,286,104,41.5,10,8,6,214.9,5,5,4,76.3,20,19,7,51,18,10,4,222.9,38,19,8,79.5,12,9,8,42.8
Lapland,Rovaniemi,DNA,192,150,79,80.1,577,422,223,73,0,0,0,0,26,16,6,100.2,41,26,10,94.1,14,14,11,205.2,33,26,14,75.6,58,36,20,61.9
Satakunta,Rauma,DNA,352,275,134,64.4,974,657,290,56.2,31,23,14,343.8,4,4,4,36.2,60,43,15,100.7,171,74,23,465,105,63,18,50,116,76,33,60.6
Southern Ostrobothnia,South Eastern Bothnia,DNA,64,37,21,56.9,414,164,77,70,0,0,0,0,3,3,2,40.6,9,7,3,32.7,8,7,4,307.2,24,20,7,78.7,23,19,7,58.7
North Karelia,Ilomantsi,Telia,7,7,5,32.8,17,13,9,56,0,0,0,0,0,0,0,0,1,1,1,9.3,1,1,1,145.1,17,13,1,69.2,5,4,2,50.1
Norrbotten,Övertorneå,Telia,0,0,0,0,0,0,0,0,0,0,0,0,0,0,0,0,1,1,1,2,0,0,0,0,0,0,0,0,0,0,0,0
Norrbotten,Haparanda,N4M,0,0,0,0,0,0,0,0,0,0,0,0,0,0,0,0,0,0,0,0,0,0,0,0,0,0,0,0,0,0,0,0
North Karelia,Pielisen Karelia,Telia,99,79,46,34.4,275,190,110,56.8,0,0,0,0,0,0,0,0,7,6,6,65.3,1,1,1,171.8,5,4,2,89,11,9,6,50
North Karelia,Ilomantsi,DNA,13,9,6,36.7,26,20,12,70.5,0,0,0,0,1,1,1,117,0,0,0,0,0,0,0,0,1,1,1,3.9,8,7,2,20.8
Satakunta,Pori,Telia,376,286,147,49.5,912,594,274,50.7,52,36,11,229.1,15,11,4,86.3,58,42,23,61.1,48,37,17,283.7,38,29,16,61.9,49,38,28,65.8
North Karelia,Pielisen Karelia,Elisa,147,104,44,47.2,478,313,149,43.2,0,0,0,0,4,3,2,30,39,11,9,43.5,13,11,6,179,24,21,17,68.3,16,15,8,29.9
Lapland,Northern Lapland,Elisa,191,126,64,44.9,222,160,102,45.8,0,0,0,0,1,1,1,91.5,18,10,9,59.2,14,12,5,176.5,33,24,12,79.5,11,8,7,39.9
Northern Ostrobothnia,Koillismaa,DNA,172,135,104,55.3,661,419,227,53.5,0,0,0,0,19,15,11,62,20,18,12,154.5,5,4,4,146.7,37,19,14,66.9,45,32,19,53.5
Finnmark,Karasjok,Telia,0,0,0,0,0,0,0,0,0,0,0,0,0,0,0,0,0,0,0,0,0,0,0,0,0,0,0,0,0,0,0,0
Southern Savonia,Juva,DNA,95,54,33,44.4,320,227,101,57.7,0,0,0,0,3,3,3,54.7,5,4,4,28.2,4,4,1,271.2,8,7,5,91.1,37,23,9,86.9
Uusimaa,Helsinki,Elisa,18473,13306,7158,56.9,36482,22393,10756,50.9,11320,3387,1168,208.1,2417,559,301,77,2130,1514,792,71.3,50871,5609,1959,281.6,9177,3625,1379,58.9,2112,1444,746,47.9
South Karelia,Western Saimaa,Elisa,82,61,39,33.5,386,294,136,36.1,0,0,0,0,3,2,1,67.1,6,3,3,39.7,18,13,7,189.2,49,44,12,40,13,11,8,32.1
Ostrobothnia,South Eastern Bothnia,Elisa,124,77,36,33.3,186,135,78,32.5,0,0,0,0,22,10,3,253.2,29,15,4,24.9,1,1,1,96.7,16,12,8,60.3,18,11,6,63
Northern Ostrobothnia,Ylivieska,DNA,192,145,76,61.6,890,590,258,56.5,32,18,8,332.7,21,13,8,80.6,18,16,5,161.4,96,48,13,272.3,263,119,17,69.6,52,33,16,64.1
Central Finland,South Eastern Middle,Elisa,84,65,39,42.6,358,223,98,41.5,0,0,0,0,2,2,2,81.4,9,8,4,30.4,6,5,5,164.6,73,43,12,38.7,5,4,4,32.1
Central Finland,Äänekoski,DNA,91,53,26,45.5,412,258,81,42.4,0,0,0,0,1,1,1,1.4,3,3,3,63.4,1,1,1,252.3,13,9,4,54.1,25,23,9,58.7
South Karelia,Imatra,DNA,219,152,65,57.7,744,494,189,50.7,0,0,0,0,13,5,4,56.5,18,14,6,66.1,8,8,5,208.9,21,18,7,82.6,48,29,16,50.8
Päijänne Tavastia,Lahti,Telia,694,510,309,46.1,1477,1054,559,44.7,66,42,24,385,82,48,20,83.9,93,73,42,57.9,194,92,45,297.9,136,89,42,50.5,143,110,58,48.5
Finland Proper,Salo,Telia,362,274,139,50.8,819,558,278,41.6,23,9,5,159,32,19,10,51.2,83,53,26,54.6,9,8,7,190.8,31,25,14,46.8,38,32,18,66.8
Pirkanmaa,South Western Pirkanm,DNA,103,67,31,33.9,201,148,79,46.6,0,0,0,0,1,1,1,28.7,6,6,4,45.2,20,11,4,362.6,50,25,7,75.7,70,50,7,66.1
Lapland,Kemi-Tornio,DNA,185,121,71,61.2,437,293,144,57.1,0,0,0,0,710,86,1,244.7,11,10,6,56.4,260,65,11,281.6,315,95,16,95.4,14,12,10,46.4
Central Ostrobothnia,Kokkola,DNA,177,116,73,47.7,510,344,164,47.8,4,4,3,216.9,4,4,1,61.2,16,13,9,64,33,21,9,363.6,69,50,15,54,27,24,19,80.5
North Karelia,Joensuu,DNA,396,277,128,64.4,1207,817,351,61.2,0,0,0,0,4,3,2,81.6,87,55,23,119.1,32,23,13,195.1,108,68,14,89,48,35,18,62.9
Central Ostrobothnia,Kokkola,Telia,155,115,68,47.6,486,330,179,43.6,11,7,4,293.2,7,5,2,116.9,22,14,8,54.5,20,17,10,235.6,46,32,13,68.2,29,22,14,51.5
Northern Ostrobothnia,Ylivieska,Telia,98,78,42,62.8,567,359,161,45,0,0,0,0,1,1,1,16.6,21,16,6,122.9,57,33,6,155.4,261,90,10,67.8,28,22,12,58.4
Kymenlaakso,Kotka-Hamina,ALCOM,0,0,0,0,0,0,0,0,0,0,0,0,0,0,0,0,0,0,0,0,0,0,0,0,0,0,0,0,0,0,0,0
Finland Proper,Vakka-Suomi,Elisa,339,131,57,39.4,527,333,173,41.3,0,0,0,0,1,1,1,40.4,34,21,8,100.6,7,6,6,150.7,67,45,15,50.7,77,44,24,48.1
Southern Savonia,Mikkeli,DNA,216,183,115,36.8,1102,720,293,35.5,0,0,0,0,45,28,7,53.2,84,62,21,54.6,4,4,2,213.4,79,43,16,49.1,138,89,38,49.7
Central Finland,South Eastern Middle,DNA,31,25,18,33.5,153,100,53,33.1,0,0,0,0,0,0,0,0,17,10,5,12.6,0,0,0,0,10,9,5,34.8,6,6,4,43.4
Lapland,Eastern Lapland,Telia,205,146,98,31.4,589,279,141,45.3,0,0,0,0,8,6,4,85.5,22,18,14,24.2,2,2,1,185,22,13,7,70,17,10,9,30.8
Pirkanmaa,Southern Pirkanmaa,Elisa,461,323,137,46.7,1030,671,330,37.9,18,14,8,176.4,24,20,9,67.4,30,19,9,25.1,70,48,25,249.5,85,68,30,56.5,59,43,25,48.8
Kainuu,Kehys-Kainuu,Telia,61,45,34,38,217,147,101,37.6,0,0,0,0,3,3,3,56.8,12,11,7,19.7,0,0,0,0,3,3,3,49,12,9,7,53.3
Pirkanmaa,Tampere,Telia,4247,3051,1663,62.9,8855,5140,2718,58.9,453,309,140,321.6,222,176,80,100.1,553,390,217,81,1049,525,237,277.3,1005,637,212,73.1,544,409,224,64.2
Central Finland,Keuruu,Elisa,44,32,23,30.5,531,276,129,33.6,0,0,0,0,0,0,0,0,1,1,1,97.2,1,1,1,187.2,18,14,7,42.3,18,10,9,31.2
Satakunta,South Eastern Satakun,Elisa,104,76,49,70.8,287,219,124,59.7,0,0,0,0,8,7,4,50.8,8,8,6,56.8,4,4,4,167.2,14,11,7,55,19,17,11,64.3
Finland Proper,Åboland-Turunmaa,ALCOM,0,0,0,0,0,0,0,0,0,0,0,0,0,0,0,0,0,0,0,0,0,0,0,0,0,0,0,0,1,1,1,80.5
Central Finland,Jämsä,DNA,113,89,73,48.9,235,163,85,28.7,2,1,1,33.5,12,12,8,93.2,9,9,3,59,75,16,5,255.4,143,51,13,47.9,30,26,13,47.9
North Karelia,Middle Karelia,Elisa,95,49,24,32.7,286,216,84,45.2,0,0,0,0,2,2,2,137.3,3,2,2,87.6,22,18,4,132.6,64,42,8,61.2,16,11,7,28.8
Republic of Karelia,Loukhsky District,Tele2,0,0,0,0,0,0,0,0,0,0,0,0,0,0,0,0,0,0,0,0,0,0,0,0,0,0,0,0,0,0,0,0
Satakunta,Rauma,Elisa,379,255,115,35.8,961,601,287,37.3,33,21,11,127,10,8,4,50.5,46,30,16,34.4,101,57,29,256.3,124,83,38,48.1,48,43,22,35.6
Ostrobothnia,Vaasa,Telia,614,439,239,51.9,1247,843,377,48.6,78,55,26,377.1,39,29,14,108.7,50,41,26,63.6,97,70,32,378.1,103,72,31,83.1,94,71,40,46.9
Troms,Storfjord,Telia,1,1,1,19.1,0,0,0,0,0,0,0,0,0,0,0,0,0,0,0,0,0,0,0,0,0,0,0,0,0,0,0,0
Kainuu,Kehys-Kainuu,Elisa,28,25,23,37.8,253,176,87,33.1,0,0,0,0,24,11,5,45.1,7,5,5,50.6,2,2,2,145.6,21,11,8,69.9,19,13,10,38.9
North Savonia,Varkaus,Telia,242,174,87,54,697,460,192,47.9,0,0,0,0,1,1,1,26.1,29,23,13,70.1,6,5,3,271.8,41,28,8,53.7,103,81,32,44.4
Kainuu,Kajaani,DNA,309,225,127,59.7,989,652,321,60.7,0,0,0,0,2,2,2,118.3,54,46,17,60.9,51,21,14,203.4,126,76,21,76.2,96,78,39,57.6
North Savonia,Upper Savonia,Telia,253,178,87,59,862,561,241,56.1,0,0,0,0,3,3,2,158.9,49,23,16,66.2,14,10,7,195.9,36,22,12,75.3,76,40,20,62.1
Finland Proper,Turku,DNA,1723,1305,705,89.1,3866,2684,1376,79.8,376,269,109,322.1,121,93,44,132.3,168,129,78,119.8,1304,662,188,334.5,556,325,122,72.5,263,189,109,86.7
North Savonia,Varkaus,DNA,236,157,79,52.6,754,488,224,50.3,2,2,2,228.4,3,3,1,65.6,25,19,12,111,8,6,5,265.1,32,23,11,56.5,59,36,20,56
Pirkanmaa,Tampere,NTN,0,0,0,0,5,2,1,51.6,0,0,0,0,0,0,0,0,0,0,0,0,0,0,0,0,0,0,0,0,0,0,0,0
Northern Ostrobothnia,Oulunkaari,Telia,148,115,77,53.5,363,268,139,58.2,0,0,0,0,4,4,3,38.6,20,15,7,42.1,1,1,1,130.5,9,8,8,60.9,12,11,5,45.4
